{
  "max_abs_diff": 0.002966276871183615,
  "mean_abs_diff": 0.00015611983532598956
}