{
  "mf_basic_n_samples": 30.0,
  "mf_basic_n_features": 19.0,
  "mf_basic_n_numeric": 19.0,
  "mf_basic_n_categorical": 0.0,
  "mf_basic_n_classes": 3.0,
  "mf_basic_missing_ratio": 0.0,
  "mf_stat_num_mean_abs": 26.182934113694035,
  "mf_stat_num_std_mean": 16.495210841669927,
  "mf_stat_num_skew_abs_mean": 1.4236846047393095,
  "mf_stat_num_kurt_mean": 2.4619790645402446,
  "mf_stat_abs_corr_mean": 0.26873855492259946,
  "mf_stat_target_entropy": 1.4854752972230063,
  "mf_struct_samples_per_feature": 1.5789473684210527,
  "mf_struct_cat_to_num_ratio": 0.0,
  "mf_struct_class_imbalance": 2.5,
  "mf_struct_mean_unique_ratio": 0.7087719298245615,
  "mf_struct_zero_ratio_numeric": 0.10701754385964912,
  "mf_struct_avg_cat_cardinality": 0.0
}