{
  "explained_variance_pc1": 0.31495076400818073,
  "explained_variance_pc2": 0.2162295771404055
}