{
  "max_abs_diff": 2.842170943040401e-14,
  "mean_abs_diff": 2.8213349866233905e-15
}