{
  "explained_variance_pc1": 0.21235342912738647,
  "explained_variance_pc2": 0.1720974586111269
}