{
  "max_abs_diff": 2.8421709430404014e-14,
  "mean_abs_diff": 3.9721312658811165e-15,
  "unchanged_ratio_at_tolerance": 1.0
}