{
  "explained_variance_pc1": 0.16882474328700645,
  "explained_variance_pc2": 0.13357756434087267
}