{
  "max_abs_diff": 0.00898155623932792,
  "mean_abs_diff": 0.00047271348628118745
}