{
  "explained_variance_pc1": 0.2174448294139501,
  "explained_variance_pc2": 0.19038773116730764
}